name,row,ciclo,entidad_universitaria,cve_programa,total
212 PE con matrícula por entidad -1 - 2023-2024 - CUCEA - 4062200010,1,2023-2024,CUCEA,4062200010,1
212 PE con matrícula por entidad -2 - 2023-2024 - CUCEA - 5031400003,2,2023-2024,CUCEA,5031400003,1
212 PE con matrícula por entidad -3 - 2023-2024 - CUCEA - 5032100065,3,2023-2024,CUCEA,5032100065,1
212 PE con matrícula por entidad -4 - 2023-2024 - CUCEA - 5041100009,4,2023-2024,CUCEA,5041100009,1
212 PE con matrícula por entidad -5 - 2023-2024 - CUCEA - 5041100056,5,2023-2024,CUCEA,5041100056,1
212 PE con matrícula por entidad -6 - 2023-2024 - CUCEA - 5041100127,6,2023-2024,CUCEA,5041100127,1
212 PE con matrícula por entidad -7 - 2023-2024 - CUCEA - 5041200028,7,2023-2024,CUCEA,5041200028,1
212 PE con matrícula por entidad -8 - 2023-2024 - CUCEA - 5041300007,8,2023-2024,CUCEA,5041300007,1
212 PE con matrícula por entidad -9 - 2023-2024 - CUCEA - 5041400032,9,2023-2024,CUCEA,5041400032,1
212 PE con matrícula por entidad -10 - 2023-2024 - CUCEA - 5042000002,10,2023-2024,CUCEA,5042000002,1
212 PE con matrícula por entidad -11 - 2023-2024 - CUCEA - 5042100117,11,2023-2024,CUCEA,5042100117,1
212 PE con matrícula por entidad -12 - 2023-2024 - CUCEA - 5042300027,12,2023-2024,CUCEA,5042300027,1
212 PE con matrícula por entidad -13 - 2023-2024 - CUCEA - 5051300020,13,2023-2024,CUCEA,5051300020,1
212 PE con matrícula por entidad -14 - 2023-2024 - CUCEA - 5062200082,14,2023-2024,CUCEA,5062200082,1
212 PE con matrícula por entidad -15 - 2023-2024 - CUCEA - 5101600013,15,2023-2024,CUCEA,5101600013,1
212 PE con matrícula por entidad -16 - 2023-2024 - CUCEA - 7011000042,16,2023-2024,CUCEA,7011000042,1
212 PE con matrícula por entidad -17 - 2023-2024 - CUCEA - 7011200077,17,2023-2024,CUCEA,7011200077,1
212 PE con matrícula por entidad -18 - 2023-2024 - CUCEA - 7011400011,18,2023-2024,CUCEA,7011400011,1
212 PE con matrícula por entidad -19 - 2023-2024 - CUCEA - 7012000087,19,2023-2024,CUCEA,7012000087,1
212 PE con matrícula por entidad -20 - 2023-2024 - CUCEA - 7012500034,20,2023-2024,CUCEA,7012500034,1
212 PE con matrícula por entidad -21 - 2023-2024 - CUCEA - 7031300023,21,2023-2024,CUCEA,7031300023,1
212 PE con matrícula por entidad -22 - 2023-2024 - CUCEA - 7031400008,22,2023-2024,CUCEA,7031400008,1
212 PE con matrícula por entidad -23 - 2023-2024 - CUCEA - 7031400038,23,2023-2024,CUCEA,7031400038,1
212 PE con matrícula por entidad -24 - 2023-2024 - CUCEA - 7031500062,24,2023-2024,CUCEA,7031500062,1
212 PE con matrícula por entidad -25 - 2023-2024 - CUCEA - 7041100024,25,2023-2024,CUCEA,7041100024,1
212 PE con matrícula por entidad -26 - 2023-2024 - CUCEA - 7041100026,26,2023-2024,CUCEA,7041100026,1
212 PE con matrícula por entidad -27 - 2023-2024 - CUCEA - 7041200034,27,2023-2024,CUCEA,7041200034,1
212 PE con matrícula por entidad -28 - 2023-2024 - CUCEA - 7041300021,28,2023-2024,CUCEA,7041300021,1
212 PE con matrícula por entidad -29 - 2023-2024 - CUCEA - 7041300024,29,2023-2024,CUCEA,7041300024,1
212 PE con matrícula por entidad -30 - 2023-2024 - CUCEA - 7041400008,30,2023-2024,CUCEA,7041400008,1
212 PE con matrícula por entidad -31 - 2023-2024 - CUCEA - 7041400048,31,2023-2024,CUCEA,7041400048,1
212 PE con matrícula por entidad -32 - 2023-2024 - CUCEA - 7042100033,32,2023-2024,CUCEA,7042100033,1
212 PE con matrícula por entidad -33 - 2023-2024 - CUCEA - 7061000012,33,2023-2024,CUCEA,7061000012,1
212 PE con matrícula por entidad -34 - 2023-2024 - CUCEA - 7062200049,34,2023-2024,CUCEA,7062200049,1
212 PE con matrícula por entidad -35 - 2023-2024 - CUCEA - 7103100010,35,2023-2024,CUCEA,7103100010,1
212 PE con matrícula por entidad -36 - 2023-2024 - CUCEA - 8031300020,36,2023-2024,CUCEA,8031300020,1
212 PE con matrícula por entidad -37 - 2023-2024 - CUCEA - 8031400014,37,2023-2024,CUCEA,8031400014,1
212 PE con matrícula por entidad -38 - 2023-2024 - CUCEA - 8041400003,38,2023-2024,CUCEA,8041400003,1
212 PE con matrícula por entidad -39 - 2023-2024 - CUCEA - 8042000005,39,2023-2024,CUCEA,8042000005,1
212 PE con matrícula por entidad -40 - 2023-2024 - CUCEA - 8042100051,40,2023-2024,CUCEA,8042100051,1
212 PE con matrícula por entidad -41 - 2023-2024 - CUCEA - 8042500005,41,2023-2024,CUCEA,8042500005,1
212 PE con matrícula por entidad -42 - 2023-2024 - CUCEA - 8062200005,42,2023-2024,CUCEA,8062200005,1
212 PE con matrícula por entidad -43 - 2023-2024 - CUCEI - 4071300020,43,2023-2024,CUCEI,4071300020,1
212 PE con matrícula por entidad -44 - 2023-2024 - CUCEI - 5052100005,44,2023-2024,CUCEI,5052100005,1
212 PE con matrícula por entidad -45 - 2023-2024 - CUCEI - 5052200007,45,2023-2024,CUCEI,5052200007,1
212 PE con matrícula por entidad -46 - 2023-2024 - CUCEI - 5052200017,46,2023-2024,CUCEI,5052200017,1
212 PE con matrícula por entidad -47 - 2023-2024 - CUCEI - 5053100004,47,2023-2024,CUCEI,5053100004,1
212 PE con matrícula por entidad -48 - 2023-2024 - CUCEI - 5061000002,48,2023-2024,CUCEI,5061000002,1
212 PE con matrícula por entidad -49 - 2023-2024 - CUCEI - 5062100009,49,2023-2024,CUCEI,5062100009,1
212 PE con matrícula por entidad -50 - 2023-2024 - CUCEI - 5062200055,50,2023-2024,CUCEI,5062200055,1
212 PE con matrícula por entidad -51 - 2023-2024 - CUCEI - 5071000020,51,2023-2024,CUCEI,5071000020,1
212 PE con matrícula por entidad -52 - 2023-2024 - CUCEI - 5071200034,52,2023-2024,CUCEI,5071200034,1
212 PE con matrícula por entidad -53 - 2023-2024 - CUCEI - 5071300009,53,2023-2024,CUCEI,5071300009,1
212 PE con matrícula por entidad -54 - 2023-2024 - CUCEI - 5071300082,54,2023-2024,CUCEI,5071300082,1
212 PE con matrícula por entidad -55 - 2023-2024 - CUCEI - 5071400015,55,2023-2024,CUCEI,5071400015,1
212 PE con matrícula por entidad -56 - 2023-2024 - CUCEI - 5071700019,56,2023-2024,CUCEI,5071700019,1
212 PE con matrícula por entidad -57 - 2023-2024 - CUCEI - 5072100033,57,2023-2024,CUCEI,5072100033,1
212 PE con matrícula por entidad -58 - 2023-2024 - CUCEI - 5073200005,58,2023-2024,CUCEI,5073200005,1
212 PE con matrícula por entidad -59 - 2023-2024 - CUCEI - 5073200035,59,2023-2024,CUCEI,5073200035,1
212 PE con matrícula por entidad -60 - 2023-2024 - CUCEI - 5095400006,60,2023-2024,CUCEI,5095400006,1
212 PE con matrícula por entidad -61 - 2023-2024 - CUCEI - 5102100004,61,2023-2024,CUCEI,5102100004,1
212 PE con matrícula por entidad -62 - 2023-2024 - CUCEI - 7012604029,62,2023-2024,CUCEI,7012604029,1
212 PE con matrícula por entidad -63 - 2023-2024 - CUCEI - 7052100009,63,2023-2024,CUCEI,7052100009,1
212 PE con matrícula por entidad -64 - 2023-2024 - CUCEI - 7052200003,64,2023-2024,CUCEI,7052200003,1
212 PE con matrícula por entidad -65 - 2023-2024 - CUCEI - 7052200006,65,2023-2024,CUCEI,7052200006,1
212 PE con matrícula por entidad -66 - 2023-2024 - CUCEI - 7052200018,66,2023-2024,CUCEI,7052200018,1
212 PE con matrícula por entidad -67 - 2023-2024 - CUCEI - 7052300025,67,2023-2024,CUCEI,7052300025,1
212 PE con matrícula por entidad -68 - 2023-2024 - CUCEI - 7053100007,68,2023-2024,CUCEI,7053100007,1
212 PE con matrícula por entidad -69 - 2023-2024 - CUCEI - 7061300057,69,2023-2024,CUCEI,7061300057,1
212 PE con matrícula por entidad -70 - 2023-2024 - CUCEI - 7062000007,70,2023-2024,CUCEI,7062000007,1
212 PE con matrícula por entidad -71 - 2023-2024 - CUCEI - 7062200074,71,2023-2024,CUCEI,7062200074,1
212 PE con matrícula por entidad -72 - 2023-2024 - CUCEI - 7071200009,72,2023-2024,CUCEI,7071200009,1
212 PE con matrícula por entidad -73 - 2023-2024 - CUCEI - 7071300026,73,2023-2024,CUCEI,7071300026,1
212 PE con matrícula por entidad -74 - 2023-2024 - CUCEI - 7071300053,74,2023-2024,CUCEI,7071300053,1
212 PE con matrícula por entidad -75 - 2023-2024 - CUCEI - 7071400012,75,2023-2024,CUCEI,7071400012,1
212 PE con matrícula por entidad -76 - 2023-2024 - CUCEI - 7071600020,76,2023-2024,CUCEI,7071600020,1
212 PE con matrícula por entidad -77 - 2023-2024 - CUCEI - 7101500016,77,2023-2024,CUCEI,7101500016,1
212 PE con matrícula por entidad -78 - 2023-2024 - CUCEI - 8052000007,78,2023-2024,CUCEI,8052000007,1
212 PE con matrícula por entidad -79 - 2023-2024 - CUCEI - 8052100009,79,2023-2024,CUCEI,8052100009,1
212 PE con matrícula por entidad -80 - 2023-2024 - CUCEI - 8052200001,80,2023-2024,CUCEI,8052200001,1
212 PE con matrícula por entidad -81 - 2023-2024 - CUCEI - 8052200009,81,2023-2024,CUCEI,8052200009,1
212 PE con matrícula por entidad -82 - 2023-2024 - CUCEI - 8052200018,82,2023-2024,CUCEI,8052200018,1
212 PE con matrícula por entidad -83 - 2023-2024 - CUCEI - 8052200023,83,2023-2024,CUCEI,8052200023,1
212 PE con matrícula por entidad -84 - 2023-2024 - CUCEI - 8053100005,84,2023-2024,CUCEI,8053100005,1
212 PE con matrícula por entidad -85 - 2023-2024 - CUCEI - 8061100020,85,2023-2024,CUCEI,8061100020,1
212 PE con matrícula por entidad -86 - 2023-2024 - CUCEI - 8071300016,86,2023-2024,CUCEI,8071300016,1
212 PE con matrícula por entidad -87 - 2023-2024 - CUCEI - 8071400003,87,2023-2024,CUCEI,8071400003,1
212 PE con matrícula por entidad -88 - 2023-2024 - CUCSH - 5012603011,88,2023-2024,CUCSH,5012603011,1
212 PE con matrícula por entidad -89 - 2023-2024 - CUCSH - 5012603027,89,2023-2024,CUCSH,5012603027,1
212 PE con matrícula por entidad -90 - 2023-2024 - CUCSH - 5021500119,90,2023-2024,CUCSH,5021500119,1
212 PE con matrícula por entidad -91 - 2023-2024 - CUCSH - 5022300022,91,2023-2024,CUCSH,5022300022,1
212 PE con matrícula por entidad -92 - 2023-2024 - CUCSH - 5022500008,92,2023-2024,CUCSH,5022500008,1
212 PE con matrícula por entidad -93 - 2023-2024 - CUCSH - 5022600002,93,2023-2024,CUCSH,5022600002,1
212 PE con matrícula por entidad -94 - 2023-2024 - CUCSH - 5031200004,94,2023-2024,CUCSH,5031200004,1
212 PE con matrícula por entidad -95 - 2023-2024 - CUCSH - 5031200031,95,2023-2024,CUCSH,5031200031,1
212 PE con matrícula por entidad -96 - 2023-2024 - CUCSH - 5031300010,96,2023-2024,CUCSH,5031300010,1
212 PE con matrícula por entidad -97 - 2023-2024 - CUCSH - 5031300014,97,2023-2024,CUCSH,5031300014,1
212 PE con matrícula por entidad -98 - 2023-2024 - CUCSH - 5031500010,98,2023-2024,CUCSH,5031500010,1
212 PE con matrícula por entidad -99 - 2023-2024 - CUCSH - 5032100027,99,2023-2024,CUCSH,5032100027,1
212 PE con matrícula por entidad -100 - 2023-2024 - CUCSH - 5033100003,100,2023-2024,CUCSH,5033100003,1
212 PE con matrícula por entidad -101 - 2023-2024 - CUCSH - 5033200006,101,2023-2024,CUCSH,5033200006,1
212 PE con matrícula por entidad -102 - 2023-2024 - CUCSH - 5052300015,102,2023-2024,CUCSH,5052300015,1
212 PE con matrícula por entidad -103 - 2023-2024 - CUCSH - 7011200033,103,2023-2024,CUCSH,7011200033,1
212 PE con matrícula por entidad -104 - 2023-2024 - CUCSH - 7012603017,104,2023-2024,CUCSH,7012603017,1
212 PE con matrícula por entidad -105 - 2023-2024 - CUCSH - 7022200011,105,2023-2024,CUCSH,7022200011,1
212 PE con matrícula por entidad -106 - 2023-2024 - CUCSH - 7022200019,106,2023-2024,CUCSH,7022200019,1
212 PE con matrícula por entidad -107 - 2023-2024 - CUCSH - 7022300005,107,2023-2024,CUCSH,7022300005,1
212 PE con matrícula por entidad -108 - 2023-2024 - CUCSH - 7022300037,108,2023-2024,CUCSH,7022300037,1
212 PE con matrícula por entidad -109 - 2023-2024 - CUCSH - 7022500008,109,2023-2024,CUCSH,7022500008,1
212 PE con matrícula por entidad -110 - 2023-2024 - CUCSH - 7022500015,110,2023-2024,CUCSH,7022500015,1
212 PE con matrícula por entidad -111 - 2023-2024 - CUCSH - 7022600008,111,2023-2024,CUCSH,7022600008,1
212 PE con matrícula por entidad -112 - 2023-2024 - CUCSH - 7031000001,112,2023-2024,CUCSH,7031000001,1
212 PE con matrícula por entidad -113 - 2023-2024 - CUCSH - 7031200035,113,2023-2024,CUCSH,7031200035,1
212 PE con matrícula por entidad -114 - 2023-2024 - CUCSH - 7031200043,114,2023-2024,CUCSH,7031200043,1
212 PE con matrícula por entidad -115 - 2023-2024 - CUCSH - 7031200087,115,2023-2024,CUCSH,7031200087,1
212 PE con matrícula por entidad -116 - 2023-2024 - CUCSH - 7031300005,116,2023-2024,CUCSH,7031300005,1
212 PE con matrícula por entidad -117 - 2023-2024 - CUCSH - 7031300078,117,2023-2024,CUCSH,7031300078,1
212 PE con matrícula por entidad -118 - 2023-2024 - CUCSH - 7032100004,118,2023-2024,CUCSH,7032100004,1
212 PE con matrícula por entidad -119 - 2023-2024 - CUCSH - 7032100049,119,2023-2024,CUCSH,7032100049,1
212 PE con matrícula por entidad -120 - 2023-2024 - CUCSH - 7033100026,120,2023-2024,CUCSH,7033100026,1
212 PE con matrícula por entidad -121 - 2023-2024 - CUCSH - 7073100005,121,2023-2024,CUCSH,7073100005,1
212 PE con matrícula por entidad -122 - 2023-2024 - CUCSH - 8011000006,122,2023-2024,CUCSH,8011000006,1
212 PE con matrícula por entidad -123 - 2023-2024 - CUCSH - 8011500003,123,2023-2024,CUCSH,8011500003,1
212 PE con matrícula por entidad -124 - 2023-2024 - CUCSH - 8022000001,124,2023-2024,CUCSH,8022000001,1
212 PE con matrícula por entidad -125 - 2023-2024 - CUCSH - 8022500004,125,2023-2024,CUCSH,8022500004,1
212 PE con matrícula por entidad -126 - 2023-2024 - CUCSH - 8031000001,126,2023-2024,CUCSH,8031000001,1
212 PE con matrícula por entidad -127 - 2023-2024 - CUCSH - 8031300003,127,2023-2024,CUCSH,8031300003,1
212 PE con matrícula por entidad -128 - 2023-2024 - CUCSH - 8052300012,128,2023-2024,CUCSH,8052300012,1
212 PE con matrícula por entidad -129 - 2023-2024 - CUCS - 2092100004,129,2023-2024,CUCS,2092100004,1
212 PE con matrícula por entidad -130 - 2023-2024 - CUCS - 4093100005,130,2023-2024,CUCS,4093100005,1
212 PE con matrícula por entidad -131 - 2023-2024 - CUCS - 4094100005,131,2023-2024,CUCS,4094100005,1
212 PE con matrícula por entidad -132 - 2023-2024 - CUCS - 4094100010,132,2023-2024,CUCS,4094100010,1
212 PE con matrícula por entidad -133 - 2023-2024 - CUCS - 4095300010,133,2023-2024,CUCS,4095300010,1
212 PE con matrícula por entidad -134 - 2023-2024 - CUCS - 4103100001,134,2023-2024,CUCS,4103100001,1
212 PE con matrícula por entidad -135 - 2023-2024 - CUCS - 5031100007,135,2023-2024,CUCS,5031100007,1
212 PE con matrícula por entidad -136 - 2023-2024 - CUCS - 5033200024,136,2023-2024,CUCS,5033200024,1
212 PE con matrícula por entidad -137 - 2023-2024 - CUCS - 5091100011,137,2023-2024,CUCS,5091100011,1
212 PE con matrícula por entidad -138 - 2023-2024 - CUCS - 5092100006,138,2023-2024,CUCS,5092100006,1
212 PE con matrícula por entidad -139 - 2023-2024 - CUCS - 5093100002,139,2023-2024,CUCS,5093100002,1
212 PE con matrícula por entidad -140 - 2023-2024 - CUCS - 5094100009,140,2023-2024,CUCS,5094100009,1
212 PE con matrícula por entidad -141 - 2023-2024 - CUCS - 5094200006,141,2023-2024,CUCS,5094200006,1
212 PE con matrícula por entidad -142 - 2023-2024 - CUCS - 5094300009,142,2023-2024,CUCS,5094300009,1
212 PE con matrícula por entidad -143 - 2023-2024 - CUCS - 5101100015,143,2023-2024,CUCS,5101100015,1
212 PE con matrícula por entidad -144 - 2023-2024 - CUCS - 6091301004,144,2023-2024,CUCS,6091301004,1
212 PE con matrícula por entidad -145 - 2023-2024 - CUCS - 6091301008,145,2023-2024,CUCS,6091301008,1
212 PE con matrícula por entidad -146 - 2023-2024 - CUCS - 6091302001,146,2023-2024,CUCS,6091302001,1
212 PE con matrícula por entidad -147 - 2023-2024 - CUCS - 6091304001,147,2023-2024,CUCS,6091304001,1
212 PE con matrícula por entidad -148 - 2023-2024 - CUCS - 6091304018,148,2023-2024,CUCS,6091304018,1
212 PE con matrícula por entidad -149 - 2023-2024 - CUCS - 6091305002,149,2023-2024,CUCS,6091305002,1
212 PE con matrícula por entidad -150 - 2023-2024 - CUCS - 6091306001,150,2023-2024,CUCS,6091306001,1
212 PE con matrícula por entidad -151 - 2023-2024 - CUCS - 6091307001,151,2023-2024,CUCS,6091307001,1
212 PE con matrícula por entidad -152 - 2023-2024 - CUCS - 6091308001,152,2023-2024,CUCS,6091308001,1
212 PE con matrícula por entidad -153 - 2023-2024 - CUCS - 6091309002,153,2023-2024,CUCS,6091309002,1
212 PE con matrícula por entidad -154 - 2023-2024 - CUCS - 6091310001,154,2023-2024,CUCS,6091310001,1
212 PE con matrícula por entidad -155 - 2023-2024 - CUCS - 6091310002,155,2023-2024,CUCS,6091310002,1
212 PE con matrícula por entidad -156 - 2023-2024 - CUCS - 6091311001,156,2023-2024,CUCS,6091311001,1
212 PE con matrícula por entidad -157 - 2023-2024 - CUCS - 6091312001,157,2023-2024,CUCS,6091312001,1
212 PE con matrícula por entidad -158 - 2023-2024 - CUCS - 6091313004,158,2023-2024,CUCS,6091313004,1
212 PE con matrícula por entidad -159 - 2023-2024 - CUCS - 6091313008,159,2023-2024,CUCS,6091313008,1
212 PE con matrícula por entidad -160 - 2023-2024 - CUCS - 6091314001,160,2023-2024,CUCS,6091314001,1
212 PE con matrícula por entidad -161 - 2023-2024 - CUCS - 6091315001,161,2023-2024,CUCS,6091315001,1
212 PE con matrícula por entidad -162 - 2023-2024 - CUCS - 6091316002,162,2023-2024,CUCS,6091316002,1
212 PE con matrícula por entidad -163 - 2023-2024 - CUCS - 6091316004,163,2023-2024,CUCS,6091316004,1
212 PE con matrícula por entidad -164 - 2023-2024 - CUCS - 6091316007,164,2023-2024,CUCS,6091316007,1
212 PE con matrícula por entidad -165 - 2023-2024 - CUCS - 6091317001,165,2023-2024,CUCS,6091317001,1
212 PE con matrícula por entidad -166 - 2023-2024 - CUCS - 6091317009,166,2023-2024,CUCS,6091317009,1
212 PE con matrícula por entidad -167 - 2023-2024 - CUCS - 6091318001,167,2023-2024,CUCS,6091318001,1
212 PE con matrícula por entidad -168 - 2023-2024 - CUCS - 6091318002,168,2023-2024,CUCS,6091318002,1
212 PE con matrícula por entidad -169 - 2023-2024 - CUCS - 6091319001,169,2023-2024,CUCS,6091319001,1
212 PE con matrícula por entidad -170 - 2023-2024 - CUCS - 6091319004,170,2023-2024,CUCS,6091319004,1
212 PE con matrícula por entidad -171 - 2023-2024 - CUCS - 6091321003,171,2023-2024,CUCS,6091321003,1
212 PE con matrícula por entidad -172 - 2023-2024 - CUCS - 6091322003,172,2023-2024,CUCS,6091322003,1
212 PE con matrícula por entidad -173 - 2023-2024 - CUCS - 6091323001,173,2023-2024,CUCS,6091323001,1
212 PE con matrícula por entidad -174 - 2023-2024 - CUCS - 6091325002,174,2023-2024,CUCS,6091325002,1
212 PE con matrícula por entidad -175 - 2023-2024 - CUCS - 6091326001,175,2023-2024,CUCS,6091326001,1
212 PE con matrícula por entidad -176 - 2023-2024 - CUCS - 6091327002,176,2023-2024,CUCS,6091327002,1
212 PE con matrícula por entidad -177 - 2023-2024 - CUCS - 6091329001,177,2023-2024,CUCS,6091329001,1
212 PE con matrícula por entidad -178 - 2023-2024 - CUCS - 6091331003,178,2023-2024,CUCS,6091331003,1
212 PE con matrícula por entidad -179 - 2023-2024 - CUCS - 6091332001,179,2023-2024,CUCS,6091332001,1
212 PE con matrícula por entidad -180 - 2023-2024 - CUCS - 6091334001,180,2023-2024,CUCS,6091334001,1
212 PE con matrícula por entidad -181 - 2023-2024 - CUCS - 6091335001,181,2023-2024,CUCS,6091335001,1
212 PE con matrícula por entidad -182 - 2023-2024 - CUCS - 6091336001,182,2023-2024,CUCS,6091336001,1
212 PE con matrícula por entidad -183 - 2023-2024 - CUCS - 6091336005,183,2023-2024,CUCS,6091336005,1
212 PE con matrícula por entidad -184 - 2023-2024 - CUCS - 6091336013,184,2023-2024,CUCS,6091336013,1
212 PE con matrícula por entidad -185 - 2023-2024 - CUCS - 6091337005,185,2023-2024,CUCS,6091337005,1
212 PE con matrícula por entidad -186 - 2023-2024 - CUCS - 6091338003,186,2023-2024,CUCS,6091338003,1
212 PE con matrícula por entidad -187 - 2023-2024 - CUCS - 6091339001,187,2023-2024,CUCS,6091339001,1
212 PE con matrícula por entidad -188 - 2023-2024 - CUCS - 6091340001,188,2023-2024,CUCS,6091340001,1
212 PE con matrícula por entidad -189 - 2023-2024 - CUCS - 6091340004,189,2023-2024,CUCS,6091340004,1
212 PE con matrícula por entidad -190 - 2023-2024 - CUCS - 6091341001,190,2023-2024,CUCS,6091341001,1
212 PE con matrícula por entidad -191 - 2023-2024 - CUCS - 6091342012,191,2023-2024,CUCS,6091342012,1
212 PE con matrícula por entidad -192 - 2023-2024 - CUCS - 6091343001,192,2023-2024,CUCS,6091343001,1
212 PE con matrícula por entidad -193 - 2023-2024 - CUCS - 6091344001,193,2023-2024,CUCS,6091344001,1
212 PE con matrícula por entidad -194 - 2023-2024 - CUCS - 6091344002,194,2023-2024,CUCS,6091344002,1
212 PE con matrícula por entidad -195 - 2023-2024 - CUCS - 6091345008,195,2023-2024,CUCS,6091345008,1
212 PE con matrícula por entidad -196 - 2023-2024 - CUCS - 6092204007,196,2023-2024,CUCS,6092204007,1
212 PE con matrícula por entidad -197 - 2023-2024 - CUCS - 6093201002,197,2023-2024,CUCS,6093201002,1
212 PE con matrícula por entidad -198 - 2023-2024 - CUCS - 6093201005,198,2023-2024,CUCS,6093201005,1
212 PE con matrícula por entidad -199 - 2023-2024 - CUCS - 6093202001,199,2023-2024,CUCS,6093202001,1
212 PE con matrícula por entidad -200 - 2023-2024 - CUCS - 6093204001,200,2023-2024,CUCS,6093204001,1
212 PE con matrícula por entidad -201 - 2023-2024 - CUCS - 6093205004,201,2023-2024,CUCS,6093205004,1
212 PE con matrícula por entidad -202 - 2023-2024 - CUCS - 6093206003,202,2023-2024,CUCS,6093206003,1
212 PE con matrícula por entidad -203 - 2023-2024 - CUCS - 6095600002,203,2023-2024,CUCS,6095600002,1
212 PE con matrícula por entidad -204 - 2023-2024 - CUCS - 7012601008,204,2023-2024,CUCS,7012601008,1
212 PE con matrícula por entidad -205 - 2023-2024 - CUCS - 7031100001,205,2023-2024,CUCS,7031100001,1
212 PE con matrícula por entidad -206 - 2023-2024 - CUCS - 7031100030,206,2023-2024,CUCS,7031100030,1
212 PE con matrícula por entidad -207 - 2023-2024 - CUCS - 7031100043,207,2023-2024,CUCS,7031100043,1
212 PE con matrícula por entidad -208 - 2023-2024 - CUCS - 7031100188,208,2023-2024,CUCS,7031100188,1
212 PE con matrícula por entidad -209 - 2023-2024 - CUCS - 7031500022,209,2023-2024,CUCS,7031500022,1
212 PE con matrícula por entidad -210 - 2023-2024 - CUCS - 7031500078,210,2023-2024,CUCS,7031500078,1
212 PE con matrícula por entidad -211 - 2023-2024 - CUCS - 7033200077,211,2023-2024,CUCS,7033200077,1
212 PE con matrícula por entidad -212 - 2023-2024 - CUCS - 7091316004,212,2023-2024,CUCS,7091316004,1
212 PE con matrícula por entidad -213 - 2023-2024 - CUCS - 7091325001,213,2023-2024,CUCS,7091325001,1
212 PE con matrícula por entidad -214 - 2023-2024 - CUCS - 7093207003,214,2023-2024,CUCS,7093207003,1
212 PE con matrícula por entidad -215 - 2023-2024 - CUCS - 7095000011,215,2023-2024,CUCS,7095000011,1
212 PE con matrícula por entidad -216 - 2023-2024 - CUCS - 7095600030,216,2023-2024,CUCS,7095600030,1
212 PE con matrícula por entidad -217 - 2023-2024 - CUCS - 7095600046,217,2023-2024,CUCS,7095600046,1
212 PE con matrícula por entidad -218 - 2023-2024 - CUCS - 7095600068,218,2023-2024,CUCS,7095600068,1
212 PE con matrícula por entidad -219 - 2023-2024 - CUCS - 7101000006,219,2023-2024,CUCS,7101000006,1
212 PE con matrícula por entidad -220 - 2023-2024 - CUCS - 8031100011,220,2023-2024,CUCS,8031100011,1
212 PE con matrícula por entidad -221 - 2023-2024 - CUCS - 8031100040,221,2023-2024,CUCS,8031100040,1
212 PE con matrícula por entidad -222 - 2023-2024 - CUCS - 8051100012,222,2023-2024,CUCS,8051100012,1
212 PE con matrícula por entidad -223 - 2023-2024 - CUCS - 8051200017,223,2023-2024,CUCS,8051200017,1
212 PE con matrícula por entidad -224 - 2023-2024 - CUCS - 8051200020,224,2023-2024,CUCS,8051200020,1
212 PE con matrícula por entidad -225 - 2023-2024 - CUCS - 8072100013,225,2023-2024,CUCS,8072100013,1
212 PE con matrícula por entidad -226 - 2023-2024 - CUCS - 8091100003,226,2023-2024,CUCS,8091100003,1
212 PE con matrícula por entidad -227 - 2023-2024 - CUCS - 8095000003,227,2023-2024,CUCS,8095000003,1
212 PE con matrícula por entidad -228 - 2023-2024 - CUCS - 8095200003,228,2023-2024,CUCS,8095200003,1
212 PE con matrícula por entidad -229 - 2023-2024 - CUCS - 8095600001,229,2023-2024,CUCS,8095600001,1
212 PE con matrícula por entidad -230 - 2023-2024 - CUAAD - 2021300033,230,2023-2024,CUAAD,2021300033,1
212 PE con matrícula por entidad -231 - 2023-2024 - CUAAD - 5021000110,231,2023-2024,CUAAD,5021000110,1
212 PE con matrícula por entidad -232 - 2023-2024 - CUAAD - 5021000114,232,2023-2024,CUAAD,5021000114,1
212 PE con matrícula por entidad -233 - 2023-2024 - CUAAD - 5021200054,233,2023-2024,CUAAD,5021200054,1
212 PE con matrícula por entidad -234 - 2023-2024 - CUAAD - 5021200055,234,2023-2024,CUAAD,5021200055,1
212 PE con matrícula por entidad -235 - 2023-2024 - CUAAD - 5021300063,235,2023-2024,CUAAD,5021300063,1
212 PE con matrícula por entidad -236 - 2023-2024 - CUAAD - 5021400012,236,2023-2024,CUAAD,5021400012,1
212 PE con matrícula por entidad -237 - 2023-2024 - CUAAD - 5021500044,237,2023-2024,CUAAD,5021500044,1
212 PE con matrícula por entidad -238 - 2023-2024 - CUAAD - 5021600017,238,2023-2024,CUAAD,5021600017,1
212 PE con matrícula por entidad -239 - 2023-2024 - CUAAD - 5021600024,239,2023-2024,CUAAD,5021600024,1
212 PE con matrícula por entidad -240 - 2023-2024 - CUAAD - 5021700002,240,2023-2024,CUAAD,5021700002,1
212 PE con matrícula por entidad -241 - 2023-2024 - CUAAD - 5071100019,241,2023-2024,CUAAD,5071100019,1
212 PE con matrícula por entidad -242 - 2023-2024 - CUAAD - 5073100009,242,2023-2024,CUAAD,5073100009,1
212 PE con matrícula por entidad -243 - 2023-2024 - CUAAD - 5073100024,243,2023-2024,CUAAD,5073100024,1
212 PE con matrícula por entidad -244 - 2023-2024 - CUAAD - 7012602009,244,2023-2024,CUAAD,7012602009,1
212 PE con matrícula por entidad -245 - 2023-2024 - CUAAD - 7021400038,245,2023-2024,CUAAD,7021400038,1
212 PE con matrícula por entidad -246 - 2023-2024 - CUAAD - 7021600006,246,2023-2024,CUAAD,7021600006,1
212 PE con matrícula por entidad -247 - 2023-2024 - CUAAD - 7021600019,247,2023-2024,CUAAD,7021600019,1
212 PE con matrícula por entidad -248 - 2023-2024 - CUAAD - 7022300036,248,2023-2024,CUAAD,7022300036,1
212 PE con matrícula por entidad -249 - 2023-2024 - CUAAD - 7042500117,249,2023-2024,CUAAD,7042500117,1
212 PE con matrícula por entidad -250 - 2023-2024 - CUAAD - 7073100082,250,2023-2024,CUAAD,7073100082,1
212 PE con matrícula por entidad -251 - 2023-2024 - CUAAD - 7073100088,251,2023-2024,CUAAD,7073100088,1
212 PE con matrícula por entidad -252 - 2023-2024 - CUAAD - 7073100089,252,2023-2024,CUAAD,7073100089,1
212 PE con matrícula por entidad -253 - 2023-2024 - CUAAD - 7103100003,253,2023-2024,CUAAD,7103100003,1
212 PE con matrícula por entidad -254 - 2023-2024 - CUAAD - 8021000010,254,2023-2024,CUAAD,8021000010,1
212 PE con matrícula por entidad -255 - 2023-2024 - CUAAD - 8042100049,255,2023-2024,CUAAD,8042100049,1
212 PE con matrícula por entidad -256 - 2023-2024 - CUAAD - 8073100010,256,2023-2024,CUAAD,8073100010,1
212 PE con matrícula por entidad -257 - 2023-2024 - CUCBA - 5041100021,257,2023-2024,CUCBA,5041100021,1
212 PE con matrícula por entidad -258 - 2023-2024 - CUCBA - 5051100003,258,2023-2024,CUCBA,5051100003,1
212 PE con matrícula por entidad -259 - 2023-2024 - CUCBA - 5072100018,259,2023-2024,CUCBA,5072100018,1
212 PE con matrícula por entidad -260 - 2023-2024 - CUCBA - 5081300016,260,2023-2024,CUCBA,5081300016,1
212 PE con matrícula por entidad -261 - 2023-2024 - CUCBA - 5082100001,261,2023-2024,CUCBA,5082100001,1
212 PE con matrícula por entidad -262 - 2023-2024 - CUCBA - 6081100005,262,2023-2024,CUCBA,6081100005,1
212 PE con matrícula por entidad -263 - 2023-2024 - CUCBA - 7011000002,263,2023-2024,CUCBA,7011000002,1
212 PE con matrícula por entidad -264 - 2023-2024 - CUCBA - 7031100005,264,2023-2024,CUCBA,7031100005,1
212 PE con matrícula por entidad -265 - 2023-2024 - CUCBA - 7051300013,265,2023-2024,CUCBA,7051300013,1
212 PE con matrícula por entidad -266 - 2023-2024 - CUCBA - 7081000006,266,2023-2024,CUCBA,7081000006,1
212 PE con matrícula por entidad -267 - 2023-2024 - CUCBA - 7081100051,267,2023-2024,CUCBA,7081100051,1
212 PE con matrícula por entidad -268 - 2023-2024 - CUCBA - 7081100056,268,2023-2024,CUCBA,7081100056,1
212 PE con matrícula por entidad -269 - 2023-2024 - CUCBA - 7095600007,269,2023-2024,CUCBA,7095600007,1
212 PE con matrícula por entidad -270 - 2023-2024 - CUCBA - 8031100002,270,2023-2024,CUCBA,8031100002,1
212 PE con matrícula por entidad -271 - 2023-2024 - CUCBA - 8051300007,271,2023-2024,CUCBA,8051300007,1
212 PE con matrícula por entidad -272 - 2023-2024 - CUALTOS - 5031100007,272,2023-2024,CUALTOS,5031100007,1
212 PE con matrícula por entidad -273 - 2023-2024 - CUALTOS - 5033100003,273,2023-2024,CUALTOS,5033100003,1
212 PE con matrícula por entidad -274 - 2023-2024 - CUALTOS - 5041100056,274,2023-2024,CUALTOS,5041100056,1
212 PE con matrícula por entidad -275 - 2023-2024 - CUALTOS - 5041400032,275,2023-2024,CUALTOS,5041400032,1
212 PE con matrícula por entidad -276 - 2023-2024 - CUALTOS - 5042000002,276,2023-2024,CUALTOS,5042000002,1
212 PE con matrícula por entidad -277 - 2023-2024 - CUALTOS - 5061000002,277,2023-2024,CUALTOS,5061000002,1
212 PE con matrícula por entidad -278 - 2023-2024 - CUALTOS - 5072100002,278,2023-2024,CUALTOS,5072100002,1
212 PE con matrícula por entidad -279 - 2023-2024 - CUALTOS - 5081100050,279,2023-2024,CUALTOS,5081100050,1
212 PE con matrícula por entidad -280 - 2023-2024 - CUALTOS - 5082100001,280,2023-2024,CUALTOS,5082100001,1
212 PE con matrícula por entidad -281 - 2023-2024 - CUALTOS - 5091100011,281,2023-2024,CUALTOS,5091100011,1
212 PE con matrícula por entidad -282 - 2023-2024 - CUALTOS - 5092100006,282,2023-2024,CUALTOS,5092100006,1
212 PE con matrícula por entidad -283 - 2023-2024 - CUALTOS - 5093100002,283,2023-2024,CUALTOS,5093100002,1
212 PE con matrícula por entidad -284 - 2023-2024 - CUALTOS - 5094200006,284,2023-2024,CUALTOS,5094200006,1
212 PE con matrícula por entidad -285 - 2023-2024 - CUALTOS - 5095400006,285,2023-2024,CUALTOS,5095400006,1
212 PE con matrícula por entidad -286 - 2023-2024 - CUALTOS - 6081100002,286,2023-2024,CUALTOS,6081100002,1
212 PE con matrícula por entidad -287 - 2023-2024 - CUALTOS - 6091326001,287,2023-2024,CUALTOS,6091326001,1
212 PE con matrícula por entidad -288 - 2023-2024 - CUALTOS - 6092202002,288,2023-2024,CUALTOS,6092202002,1
212 PE con matrícula por entidad -289 - 2023-2024 - CUALTOS - 6092207003,289,2023-2024,CUALTOS,6092207003,1
212 PE con matrícula por entidad -290 - 2023-2024 - CUALTOS - 6093202001,290,2023-2024,CUALTOS,6093202001,1
212 PE con matrícula por entidad -291 - 2023-2024 - CUALTOS - 6093203005,291,2023-2024,CUALTOS,6093203005,1
212 PE con matrícula por entidad -292 - 2023-2024 - CUALTOS - 6093204001,292,2023-2024,CUALTOS,6093204001,1
212 PE con matrícula por entidad -293 - 2023-2024 - CUALTOS - 7011200088,293,2023-2024,CUALTOS,7011200088,1
212 PE con matrícula por entidad -294 - 2023-2024 - CUALTOS - 8095200001,294,2023-2024,CUALTOS,8095200001,1
212 PE con matrícula por entidad -295 - 2023-2024 - CUCIÉNEGA - 5031100007,295,2023-2024,CUCIÉNEGA,5031100007,1
212 PE con matrícula por entidad -296 - 2023-2024 - CUCIÉNEGA - 5032100038,296,2023-2024,CUCIÉNEGA,5032100038,1
212 PE con matrícula por entidad -297 - 2023-2024 - CUCIÉNEGA - 5033100003,297,2023-2024,CUCIÉNEGA,5033100003,1
212 PE con matrícula por entidad -298 - 2023-2024 - CUCIÉNEGA - 5041100021,298,2023-2024,CUCIÉNEGA,5041100021,1
212 PE con matrícula por entidad -299 - 2023-2024 - CUCIÉNEGA - 5041100056,299,2023-2024,CUCIÉNEGA,5041100056,1
212 PE con matrícula por entidad -300 - 2023-2024 - CUCIÉNEGA - 5041200028,300,2023-2024,CUCIÉNEGA,5041200028,1
212 PE con matrícula por entidad -301 - 2023-2024 - CUCIÉNEGA - 5041400032,301,2023-2024,CUCIÉNEGA,5041400032,1
212 PE con matrícula por entidad -302 - 2023-2024 - CUCIÉNEGA - 5042000002,302,2023-2024,CUCIÉNEGA,5042000002,1
212 PE con matrícula por entidad -303 - 2023-2024 - CUCIÉNEGA - 5042100117,303,2023-2024,CUCIÉNEGA,5042100117,1
212 PE con matrícula por entidad -304 - 2023-2024 - CUCIÉNEGA - 5061000002,304,2023-2024,CUCIÉNEGA,5061000002,1
212 PE con matrícula por entidad -305 - 2023-2024 - CUCIÉNEGA - 5062200055,305,2023-2024,CUCIÉNEGA,5062200055,1
212 PE con matrícula por entidad -306 - 2023-2024 - CUCIÉNEGA - 5071300014,306,2023-2024,CUCIÉNEGA,5071300014,1
212 PE con matrícula por entidad -307 - 2023-2024 - CUCIÉNEGA - 5071400015,307,2023-2024,CUCIÉNEGA,5071400015,1
212 PE con matrícula por entidad -308 - 2023-2024 - CUCIÉNEGA - 5071700019,308,2023-2024,CUCIÉNEGA,5071700019,1
212 PE con matrícula por entidad -309 - 2023-2024 - CUCIÉNEGA - 5081100010,309,2023-2024,CUCIÉNEGA,5081100010,1
212 PE con matrícula por entidad -310 - 2023-2024 - CUCIÉNEGA - 5091100011,310,2023-2024,CUCIÉNEGA,5091100011,1
212 PE con matrícula por entidad -311 - 2023-2024 - CUCIÉNEGA - 5092100006,311,2023-2024,CUCIÉNEGA,5092100006,1
212 PE con matrícula por entidad -312 - 2023-2024 - CUCIÉNEGA - 5095400006,312,2023-2024,CUCIÉNEGA,5095400006,1
212 PE con matrícula por entidad -313 - 2023-2024 - CUCIÉNEGA - 7031100041,313,2023-2024,CUCIÉNEGA,7031100041,1
212 PE con matrícula por entidad -314 - 2023-2024 - CUCIÉNEGA - 7031100253,314,2023-2024,CUCIÉNEGA,7031100253,1
212 PE con matrícula por entidad -315 - 2023-2024 - CUCIÉNEGA - 7031300005,315,2023-2024,CUCIÉNEGA,7031300005,1
212 PE con matrícula por entidad -316 - 2023-2024 - CUCIÉNEGA - 7031300048,316,2023-2024,CUCIÉNEGA,7031300048,1
212 PE con matrícula por entidad -317 - 2023-2024 - CUCIÉNEGA - 7033100026,317,2023-2024,CUCIÉNEGA,7033100026,1
212 PE con matrícula por entidad -318 - 2023-2024 - CUCIÉNEGA - 7042100033,318,2023-2024,CUCIÉNEGA,7042100033,1
212 PE con matrícula por entidad -319 - 2023-2024 - CUCIÉNEGA - 7053100018,319,2023-2024,CUCIÉNEGA,7053100018,1
212 PE con matrícula por entidad -320 - 2023-2024 - CUCIÉNEGA - 7081100078,320,2023-2024,CUCIÉNEGA,7081100078,1
212 PE con matrícula por entidad -321 - 2023-2024 - CUCIÉNEGA - 8031300003,321,2023-2024,CUCIÉNEGA,8031300003,1
212 PE con matrícula por entidad -322 - 2023-2024 - CUCIÉNEGA - 8071000012,322,2023-2024,CUCIÉNEGA,8071000012,1
212 PE con matrícula por entidad -323 - 2023-2024 - CUSUR - 2092100004,323,2023-2024,CUSUR,2092100004,1
212 PE con matrícula por entidad -324 - 2023-2024 - CUSUR - 5022300022,324,2023-2024,CUSUR,5022300022,1
212 PE con matrícula por entidad -325 - 2023-2024 - CUSUR - 5031100007,325,2023-2024,CUSUR,5031100007,1
212 PE con matrícula por entidad -326 - 2023-2024 - CUSUR - 5031500010,326,2023-2024,CUSUR,5031500010,1
212 PE con matrícula por entidad -327 - 2023-2024 - CUSUR - 5032100038,327,2023-2024,CUSUR,5032100038,1
212 PE con matrícula por entidad -328 - 2023-2024 - CUSUR - 5033100003,328,2023-2024,CUSUR,5033100003,1
212 PE con matrícula por entidad -329 - 2023-2024 - CUSUR - 5041100021,329,2023-2024,CUSUR,5041100021,1
212 PE con matrícula por entidad -330 - 2023-2024 - CUSUR - 5041100056,330,2023-2024,CUSUR,5041100056,1
212 PE con matrícula por entidad -331 - 2023-2024 - CUSUR - 5042200024,331,2023-2024,CUSUR,5042200024,1
212 PE con matrícula por entidad -332 - 2023-2024 - CUSUR - 5051100015,332,2023-2024,CUSUR,5051100015,1
212 PE con matrícula por entidad -333 - 2023-2024 - CUSUR - 5062100034,333,2023-2024,CUSUR,5062100034,1
212 PE con matrícula por entidad -334 - 2023-2024 - CUSUR - 5072400001,334,2023-2024,CUSUR,5072400001,1
212 PE con matrícula por entidad -335 - 2023-2024 - CUSUR - 5081100010,335,2023-2024,CUSUR,5081100010,1
212 PE con matrícula por entidad -336 - 2023-2024 - CUSUR - 5082100001,336,2023-2024,CUSUR,5082100001,1
212 PE con matrícula por entidad -337 - 2023-2024 - CUSUR - 5091100011,337,2023-2024,CUSUR,5091100011,1
212 PE con matrícula por entidad -338 - 2023-2024 - CUSUR - 5092100006,338,2023-2024,CUSUR,5092100006,1
212 PE con matrícula por entidad -339 - 2023-2024 - CUSUR - 5093100002,339,2023-2024,CUSUR,5093100002,1
212 PE con matrícula por entidad -340 - 2023-2024 - CUSUR - 5094200006,340,2023-2024,CUSUR,5094200006,1
212 PE con matrícula por entidad -341 - 2023-2024 - CUSUR - 5101100015,341,2023-2024,CUSUR,5101100015,1
212 PE con matrícula por entidad -342 - 2023-2024 - CUSUR - 5103100017,342,2023-2024,CUSUR,5103100017,1
212 PE con matrícula por entidad -343 - 2023-2024 - CUSUR - 6091323001,343,2023-2024,CUSUR,6091323001,1
212 PE con matrícula por entidad -344 - 2023-2024 - CUSUR - 6091326001,344,2023-2024,CUSUR,6091326001,1
212 PE con matrícula por entidad -345 - 2023-2024 - CUSUR - 6091327002,345,2023-2024,CUSUR,6091327002,1
212 PE con matrícula por entidad -346 - 2023-2024 - CUSUR - 7011400011,346,2023-2024,CUSUR,7011400011,1
212 PE con matrícula por entidad -347 - 2023-2024 - CUSUR - 7031000067,347,2023-2024,CUSUR,7031000067,1
212 PE con matrícula por entidad -348 - 2023-2024 - CUSUR - 7031100176,348,2023-2024,CUSUR,7031100176,1
212 PE con matrícula por entidad -349 - 2023-2024 - CUSUR - 7031200093,349,2023-2024,CUSUR,7031200093,1
212 PE con matrícula por entidad -350 - 2023-2024 - CUSUR - 7033100026,350,2023-2024,CUSUR,7033100026,1
212 PE con matrícula por entidad -351 - 2023-2024 - CUSUR - 7042100033,351,2023-2024,CUSUR,7042100033,1
212 PE con matrícula por entidad -352 - 2023-2024 - CUSUR - 7094200035,352,2023-2024,CUSUR,7094200035,1
212 PE con matrícula por entidad -353 - 2023-2024 - CUSUR - 7095600030,353,2023-2024,CUSUR,7095600030,1
212 PE con matrícula por entidad -354 - 2023-2024 - CUSUR - 8031000021,354,2023-2024,CUSUR,8031000021,1
212 PE con matrícula por entidad -355 - 2023-2024 - CUSUR - 8031100026,355,2023-2024,CUSUR,8031100026,1
212 PE con matrícula por entidad -356 - 2023-2024 - CUSUR - 8033100003,356,2023-2024,CUSUR,8033100003,1
212 PE con matrícula por entidad -357 - 2023-2024 - CUSUR - 8094200006,357,2023-2024,CUSUR,8094200006,1
212 PE con matrícula por entidad -358 - 2023-2024 - CUCOSTA - 5021000114,358,2023-2024,CUCOSTA,5021000114,1
212 PE con matrícula por entidad -359 - 2023-2024 - CUCOSTA - 5021500002,359,2023-2024,CUCOSTA,5021500002,1
212 PE con matrícula por entidad -360 - 2023-2024 - CUCOSTA - 5021500044,360,2023-2024,CUCOSTA,5021500044,1
212 PE con matrícula por entidad -361 - 2023-2024 - CUCOSTA - 5021700002,361,2023-2024,CUCOSTA,5021700002,1
212 PE con matrícula por entidad -362 - 2023-2024 - CUCOSTA - 5031100007,362,2023-2024,CUCOSTA,5031100007,1
212 PE con matrícula por entidad -363 - 2023-2024 - CUCOSTA - 5033100003,363,2023-2024,CUCOSTA,5033100003,1
212 PE con matrícula por entidad -364 - 2023-2024 - CUCOSTA - 5041400032,364,2023-2024,CUCOSTA,5041400032,1
212 PE con matrícula por entidad -365 - 2023-2024 - CUCOSTA - 5042000002,365,2023-2024,CUCOSTA,5042000002,1
212 PE con matrícula por entidad -366 - 2023-2024 - CUCOSTA - 5051100003,366,2023-2024,CUCOSTA,5051100003,1
212 PE con matrícula por entidad -367 - 2023-2024 - CUCOSTA - 5061000002,367,2023-2024,CUCOSTA,5061000002,1
212 PE con matrícula por entidad -368 - 2023-2024 - CUCOSTA - 5062100034,368,2023-2024,CUCOSTA,5062100034,1
212 PE con matrícula por entidad -369 - 2023-2024 - CUCOSTA - 5071000047,369,2023-2024,CUCOSTA,5071000047,1
212 PE con matrícula por entidad -370 - 2023-2024 - CUCOSTA - 5072100049,370,2023-2024,CUCOSTA,5072100049,1
212 PE con matrícula por entidad -371 - 2023-2024 - CUCOSTA - 5073100009,371,2023-2024,CUCOSTA,5073100009,1
212 PE con matrícula por entidad -372 - 2023-2024 - CUCOSTA - 5073200005,372,2023-2024,CUCOSTA,5073200005,1
212 PE con matrícula por entidad -373 - 2023-2024 - CUCOSTA - 5091100011,373,2023-2024,CUCOSTA,5091100011,1
212 PE con matrícula por entidad -374 - 2023-2024 - CUCOSTA - 5092100006,374,2023-2024,CUCOSTA,5092100006,1
212 PE con matrícula por entidad -375 - 2023-2024 - CUCOSTA - 5094200006,375,2023-2024,CUCOSTA,5094200006,1
212 PE con matrícula por entidad -376 - 2023-2024 - CUCOSTA - 5101100015,376,2023-2024,CUCOSTA,5101100015,1
212 PE con matrícula por entidad -377 - 2023-2024 - CUCOSTA - 5101600013,377,2023-2024,CUCOSTA,5101600013,1
212 PE con matrícula por entidad -378 - 2023-2024 - CUCOSTA - 6091323001,378,2023-2024,CUCOSTA,6091323001,1
212 PE con matrícula por entidad -379 - 2023-2024 - CUCOSTA - 6091326001,379,2023-2024,CUCOSTA,6091326001,1
212 PE con matrícula por entidad -380 - 2023-2024 - CUCOSTA - 7041200034,380,2023-2024,CUCOSTA,7041200034,1
212 PE con matrícula por entidad -381 - 2023-2024 - CUCOSTA - 7042100033,381,2023-2024,CUCOSTA,7042100033,1
212 PE con matrícula por entidad -382 - 2023-2024 - CUCOSTA - 7042300054,382,2023-2024,CUCOSTA,7042300054,1
212 PE con matrícula por entidad -383 - 2023-2024 - CUCOSTA - 7051300093,383,2023-2024,CUCOSTA,7051300093,1
212 PE con matrícula por entidad -384 - 2023-2024 - CUCOSTA - 7052300006,384,2023-2024,CUCOSTA,7052300006,1
212 PE con matrícula por entidad -385 - 2023-2024 - CUCOSTA - 8042000014,385,2023-2024,CUCOSTA,8042000014,1
212 PE con matrícula por entidad -386 - 2023-2024 - CUCOSTA - 8042200004,386,2023-2024,CUCOSTA,8042200004,1
212 PE con matrícula por entidad -387 - 2023-2024 - CUCOSTA - 8051300007,387,2023-2024,CUCOSTA,8051300007,1
212 PE con matrícula por entidad -388 - 2023-2024 - CUCOSTASUR - 4071500002,388,2023-2024,CUCOSTASUR,4071500002,1
212 PE con matrícula por entidad -389 - 2023-2024 - CUCOSTASUR - 5021000002,389,2023-2024,CUCOSTASUR,5021000002,1
212 PE con matrícula por entidad -390 - 2023-2024 - CUCOSTASUR - 5033100003,390,2023-2024,CUCOSTASUR,5033100003,1
212 PE con matrícula por entidad -391 - 2023-2024 - CUCOSTASUR - 5041100007,391,2023-2024,CUCOSTASUR,5041100007,1
212 PE con matrícula por entidad -392 - 2023-2024 - CUCOSTASUR - 5041300007,392,2023-2024,CUCOSTASUR,5041300007,1
212 PE con matrícula por entidad -393 - 2023-2024 - CUCOSTASUR - 5041400032,393,2023-2024,CUCOSTASUR,5041400032,1
212 PE con matrícula por entidad -394 - 2023-2024 - CUCOSTASUR - 5042000002,394,2023-2024,CUCOSTASUR,5042000002,1
212 PE con matrícula por entidad -395 - 2023-2024 - CUCOSTASUR - 5051100006,395,2023-2024,CUCOSTASUR,5051100006,1
212 PE con matrícula por entidad -396 - 2023-2024 - CUCOSTASUR - 5051300005,396,2023-2024,CUCOSTASUR,5051300005,1
212 PE con matrícula por entidad -397 - 2023-2024 - CUCOSTASUR - 5062100033,397,2023-2024,CUCOSTASUR,5062100033,1
212 PE con matrícula por entidad -398 - 2023-2024 - CUCOSTASUR - 5071300014,398,2023-2024,CUCOSTASUR,5071300014,1
212 PE con matrícula por entidad -399 - 2023-2024 - CUCOSTASUR - 5073200010,399,2023-2024,CUCOSTASUR,5073200010,1
212 PE con matrícula por entidad -400 - 2023-2024 - CUCOSTASUR - 5081300016,400,2023-2024,CUCOSTASUR,5081300016,1
212 PE con matrícula por entidad -401 - 2023-2024 - CUCOSTASUR - 5092100006,401,2023-2024,CUCOSTASUR,5092100006,1
212 PE con matrícula por entidad -402 - 2023-2024 - CUCOSTASUR - 5094200006,402,2023-2024,CUCOSTASUR,5094200006,1
212 PE con matrícula por entidad -403 - 2023-2024 - CUCOSTASUR - 5101600013,403,2023-2024,CUCOSTASUR,5101600013,1
212 PE con matrícula por entidad -404 - 2023-2024 - CUCOSTASUR - 7033100026,404,2023-2024,CUCOSTASUR,7033100026,1
212 PE con matrícula por entidad -405 - 2023-2024 - CUCOSTASUR - 7041300082,405,2023-2024,CUCOSTASUR,7041300082,1
212 PE con matrícula por entidad -406 - 2023-2024 - CUCOSTASUR - 7042100015,406,2023-2024,CUCOSTASUR,7042100015,1
212 PE con matrícula por entidad -407 - 2023-2024 - CUCOSTASUR - 7051300018,407,2023-2024,CUCOSTASUR,7051300018,1
212 PE con matrícula por entidad -408 - 2023-2024 - CUCOSTASUR - 7051300079,408,2023-2024,CUCOSTASUR,7051300079,1
212 PE con matrícula por entidad -409 - 2023-2024 - CUCOSTASUR - 7052200016,409,2023-2024,CUCOSTASUR,7052200016,1
212 PE con matrícula por entidad -410 - 2023-2024 - CUCOSTASUR - 7081100073,410,2023-2024,CUCOSTASUR,7081100073,1
212 PE con matrícula por entidad -411 - 2023-2024 - CUCOSTASUR - 8051300007,411,2023-2024,CUCOSTASUR,8051300007,1
212 PE con matrícula por entidad -412 - 2023-2024 - CUCOSTASUR - 8072300004,412,2023-2024,CUCOSTASUR,8072300004,1
212 PE con matrícula por entidad -413 - 2023-2024 - CUVALLES - 5011500002,413,2023-2024,CUVALLES,5011500002,1
212 PE con matrícula por entidad -414 - 2023-2024 - CUVALLES - 5031100007,414,2023-2024,CUVALLES,5031100007,1
212 PE con matrícula por entidad -415 - 2023-2024 - CUVALLES - 5031500008,415,2023-2024,CUVALLES,5031500008,1
212 PE con matrícula por entidad -416 - 2023-2024 - CUVALLES - 5031500010,416,2023-2024,CUVALLES,5031500010,1
212 PE con matrícula por entidad -417 - 2023-2024 - CUVALLES - 5033100003,417,2023-2024,CUVALLES,5033100003,1
212 PE con matrícula por entidad -418 - 2023-2024 - CUVALLES - 5041100021,418,2023-2024,CUVALLES,5041100021,1
212 PE con matrícula por entidad -419 - 2023-2024 - CUVALLES - 5041400032,419,2023-2024,CUVALLES,5041400032,1
212 PE con matrícula por entidad -420 - 2023-2024 - CUVALLES - 5042000002,420,2023-2024,CUVALLES,5042000002,1
212 PE con matrícula por entidad -421 - 2023-2024 - CUVALLES - 5051100015,421,2023-2024,CUVALLES,5051100015,1
212 PE con matrícula por entidad -422 - 2023-2024 - CUVALLES - 5052200021,422,2023-2024,CUVALLES,5052200021,1
212 PE con matrícula por entidad -423 - 2023-2024 - CUVALLES - 5062200073,423,2023-2024,CUVALLES,5062200073,1
212 PE con matrícula por entidad -424 - 2023-2024 - CUVALLES - 5062200082,424,2023-2024,CUVALLES,5062200082,1
212 PE con matrícula por entidad -425 - 2023-2024 - CUVALLES - 5071300014,425,2023-2024,CUVALLES,5071300014,1
212 PE con matrícula por entidad -426 - 2023-2024 - CUVALLES - 5071300091,426,2023-2024,CUVALLES,5071300091,1
212 PE con matrícula por entidad -427 - 2023-2024 - CUVALLES - 5072400001,427,2023-2024,CUVALLES,5072400001,1
212 PE con matrícula por entidad -428 - 2023-2024 - CUVALLES - 5091100010,428,2023-2024,CUVALLES,5091100010,1
212 PE con matrícula por entidad -429 - 2023-2024 - CUVALLES - 5092100006,429,2023-2024,CUVALLES,5092100006,1
212 PE con matrícula por entidad -430 - 2023-2024 - CUVALLES - 5094200006,430,2023-2024,CUVALLES,5094200006,1
212 PE con matrícula por entidad -431 - 2023-2024 - CUVALLES - 5101600013,431,2023-2024,CUVALLES,5101600013,1
212 PE con matrícula por entidad -432 - 2023-2024 - CUVALLES - 7011400011,432,2023-2024,CUVALLES,7011400011,1
212 PE con matrícula por entidad -433 - 2023-2024 - CUVALLES - 7031100043,433,2023-2024,CUVALLES,7031100043,1
212 PE con matrícula por entidad -434 - 2023-2024 - CUVALLES - 7031200071,434,2023-2024,CUVALLES,7031200071,1
212 PE con matrícula por entidad -435 - 2023-2024 - CUVALLES - 7042100268,435,2023-2024,CUVALLES,7042100268,1
212 PE con matrícula por entidad -436 - 2023-2024 - CUVALLES - 7052100021,436,2023-2024,CUVALLES,7052100021,1
212 PE con matrícula por entidad -437 - 2023-2024 - CUVALLES - 7061300005,437,2023-2024,CUVALLES,7061300005,1
212 PE con matrícula por entidad -438 - 2023-2024 - CUVALLES - 7071300003,438,2023-2024,CUVALLES,7071300003,1
212 PE con matrícula por entidad -439 - 2023-2024 - CUVALLES - 8052100019,439,2023-2024,CUVALLES,8052100019,1
212 PE con matrícula por entidad -440 - 2023-2024 - CUNORTE - 5011100022,440,2023-2024,CUNORTE,5011100022,1
212 PE con matrícula por entidad -441 - 2023-2024 - CUNORTE - 5011500002,441,2023-2024,CUNORTE,5011500002,1
212 PE con matrícula por entidad -442 - 2023-2024 - CUNORTE - 5031100007,442,2023-2024,CUNORTE,5031100007,1
212 PE con matrícula por entidad -443 - 2023-2024 - CUNORTE - 5031200004,443,2023-2024,CUNORTE,5031200004,1
212 PE con matrícula por entidad -444 - 2023-2024 - CUNORTE - 5033100003,444,2023-2024,CUNORTE,5033100003,1
212 PE con matrícula por entidad -445 - 2023-2024 - CUNORTE - 5041100021,445,2023-2024,CUNORTE,5041100021,1
212 PE con matrícula por entidad -446 - 2023-2024 - CUNORTE - 5041400032,446,2023-2024,CUNORTE,5041400032,1
212 PE con matrícula por entidad -447 - 2023-2024 - CUNORTE - 5042000002,447,2023-2024,CUNORTE,5042000002,1
212 PE con matrícula por entidad -448 - 2023-2024 - CUNORTE - 5062200073,448,2023-2024,CUNORTE,5062200073,1
212 PE con matrícula por entidad -449 - 2023-2024 - CUNORTE - 5071300009,449,2023-2024,CUNORTE,5071300009,1
212 PE con matrícula por entidad -450 - 2023-2024 - CUNORTE - 5092100006,450,2023-2024,CUNORTE,5092100006,1
212 PE con matrícula por entidad -451 - 2023-2024 - CUNORTE - 5094200006,451,2023-2024,CUNORTE,5094200006,1
212 PE con matrícula por entidad -452 - 2023-2024 - CUNORTE - 5101600013,452,2023-2024,CUNORTE,5101600013,1
212 PE con matrícula por entidad -453 - 2023-2024 - CUNORTE - 7011400011,453,2023-2024,CUNORTE,7011400011,1
212 PE con matrícula por entidad -454 - 2023-2024 - CUNORTE - 7031000052,454,2023-2024,CUNORTE,7031000052,1
212 PE con matrícula por entidad -455 - 2023-2024 - CUNORTE - 7031200009,455,2023-2024,CUNORTE,7031200009,1
212 PE con matrícula por entidad -456 - 2023-2024 - CUNORTE - 7033100026,456,2023-2024,CUNORTE,7033100026,1
212 PE con matrícula por entidad -457 - 2023-2024 - CUNORTE - 7042100033,457,2023-2024,CUNORTE,7042100033,1
212 PE con matrícula por entidad -458 - 2023-2024 - CUNORTE - 7095600030,458,2023-2024,CUNORTE,7095600030,1
212 PE con matrícula por entidad -459 - 2023-2024 - CULAGOS - 5022000001,459,2023-2024,CULAGOS,5022000001,1
212 PE con matrícula por entidad -460 - 2023-2024 - CULAGOS - 5022200040,460,2023-2024,CULAGOS,5022200040,1
212 PE con matrícula por entidad -461 - 2023-2024 - CULAGOS - 5031100007,461,2023-2024,CULAGOS,5031100007,1
212 PE con matrícula por entidad -462 - 2023-2024 - CULAGOS - 5032100038,462,2023-2024,CULAGOS,5032100038,1
212 PE con matrícula por entidad -463 - 2023-2024 - CULAGOS - 5033100003,463,2023-2024,CULAGOS,5033100003,1
212 PE con matrícula por entidad -464 - 2023-2024 - CULAGOS - 5042000002,464,2023-2024,CULAGOS,5042000002,1
212 PE con matrícula por entidad -465 - 2023-2024 - CULAGOS - 5042400005,465,2023-2024,CULAGOS,5042400005,1
212 PE con matrícula por entidad -466 - 2023-2024 - CULAGOS - 5062200073,466,2023-2024,CULAGOS,5062200073,1
212 PE con matrícula por entidad -467 - 2023-2024 - CULAGOS - 5062200082,467,2023-2024,CULAGOS,5062200082,1
212 PE con matrícula por entidad -468 - 2023-2024 - CULAGOS - 5071000047,468,2023-2024,CULAGOS,5071000047,1
212 PE con matrícula por entidad -469 - 2023-2024 - CULAGOS - 5071300009,469,2023-2024,CULAGOS,5071300009,1
212 PE con matrícula por entidad -470 - 2023-2024 - CULAGOS - 5071300014,470,2023-2024,CULAGOS,5071300014,1
212 PE con matrícula por entidad -471 - 2023-2024 - CULAGOS - 5071400008,471,2023-2024,CULAGOS,5071400008,1
212 PE con matrícula por entidad -472 - 2023-2024 - CULAGOS - 5071700019,472,2023-2024,CULAGOS,5071700019,1
212 PE con matrícula por entidad -473 - 2023-2024 - CULAGOS - 7012604064,473,2023-2024,CULAGOS,7012604064,1
212 PE con matrícula por entidad -474 - 2023-2024 - CULAGOS - 7071000035,474,2023-2024,CULAGOS,7071000035,1
212 PE con matrícula por entidad -475 - 2023-2024 - CULAGOS - 8071000002,475,2023-2024,CULAGOS,8071000002,1
212 PE con matrícula por entidad -476 - 2023-2024 - CUTONALÁ - 5021000010,476,2023-2024,CUTONALÁ,5021000010,1
212 PE con matrícula por entidad -477 - 2023-2024 - CUTONALÁ - 5021600062,477,2023-2024,CUTONALÁ,5021600062,1
212 PE con matrícula por entidad -478 - 2023-2024 - CUTONALÁ - 5022500001,478,2023-2024,CUTONALÁ,5022500001,1
212 PE con matrícula por entidad -479 - 2023-2024 - CUTONALÁ - 5031500008,479,2023-2024,CUTONALÁ,5031500008,1
212 PE con matrícula por entidad -480 - 2023-2024 - CUTONALÁ - 5033100003,480,2023-2024,CUTONALÁ,5033100003,1
212 PE con matrícula por entidad -481 - 2023-2024 - CUTONALÁ - 5033200024,481,2023-2024,CUTONALÁ,5033200024,1
212 PE con matrícula por entidad -482 - 2023-2024 - CUTONALÁ - 5041400032,482,2023-2024,CUTONALÁ,5041400032,1
212 PE con matrícula por entidad -483 - 2023-2024 - CUTONALÁ - 5042100012,483,2023-2024,CUTONALÁ,5042100012,1
212 PE con matrícula por entidad -484 - 2023-2024 - CUTONALÁ - 5052200002,484,2023-2024,CUTONALÁ,5052200002,1
212 PE con matrícula por entidad -485 - 2023-2024 - CUTONALÁ - 5061100001,485,2023-2024,CUTONALÁ,5061100001,1
212 PE con matrícula por entidad -486 - 2023-2024 - CUTONALÁ - 5071200009,486,2023-2024,CUTONALÁ,5071200009,1
212 PE con matrícula por entidad -487 - 2023-2024 - CUTONALÁ - 5073100009,487,2023-2024,CUTONALÁ,5073100009,1
212 PE con matrícula por entidad -488 - 2023-2024 - CUTONALÁ - 5091100011,488,2023-2024,CUTONALÁ,5091100011,1
212 PE con matrícula por entidad -489 - 2023-2024 - CUTONALÁ - 5094200006,489,2023-2024,CUTONALÁ,5094200006,1
212 PE con matrícula por entidad -490 - 2023-2024 - CUTONALÁ - 5095600005,490,2023-2024,CUTONALÁ,5095600005,1
212 PE con matrícula por entidad -491 - 2023-2024 - CUTONALÁ - 7022600002,491,2023-2024,CUTONALÁ,7022600002,1
212 PE con matrícula por entidad -492 - 2023-2024 - CUTONALÁ - 7031200016,492,2023-2024,CUTONALÁ,7031200016,1
212 PE con matrícula por entidad -493 - 2023-2024 - CUTONALÁ - 7031300118,493,2023-2024,CUTONALÁ,7031300118,1
212 PE con matrícula por entidad -494 - 2023-2024 - CUTONALÁ - 7042300011,494,2023-2024,CUTONALÁ,7042300011,1
212 PE con matrícula por entidad -495 - 2023-2024 - CUTONALÁ - 7052300035,495,2023-2024,CUTONALÁ,7052300035,1
212 PE con matrícula por entidad -496 - 2023-2024 - CUTONALÁ - 7071000033,496,2023-2024,CUTONALÁ,7071000033,1
212 PE con matrícula por entidad -497 - 2023-2024 - CUTONALÁ - 7071200021,497,2023-2024,CUTONALÁ,7071200021,1
212 PE con matrícula por entidad -498 - 2023-2024 - CUTONALÁ - 7102100006,498,2023-2024,CUTONALÁ,7102100006,1
212 PE con matrícula por entidad -499 - 2023-2024 - CUTONALÁ - 8033100003,499,2023-2024,CUTONALÁ,8033100003,1
212 PE con matrícula por entidad -500 - 2023-2024 - CUTONALÁ - 8052300021,500,2023-2024,CUTONALÁ,8052300021,1
212 PE con matrícula por entidad -501 - 2023-2024 - CUTONALÁ - 8071200008,501,2023-2024,CUTONALÁ,8071200008,1
212 PE con matrícula por entidad -502 - 2023-2024 - CUTONALÁ - 8091345016,502,2023-2024,CUTONALÁ,8091345016,1
212 PE con matrícula por entidad -503 - 2023-2024 - CUTONALÁ - 8102100001,503,2023-2024,CUTONALÁ,8102100001,1
212 PE con matrícula por entidad -504 - 2023-2024 - CUTLAJOMULCO - 5031300044,504,2023-2024,CUTLAJOMULCO,5031300044,1
212 PE con matrícula por entidad -505 - 2023-2024 - CUTLAJOMULCO - 5041100056,505,2023-2024,CUTLAJOMULCO,5041100056,1
212 PE con matrícula por entidad -506 - 2023-2024 - CUTLAJOMULCO - 5042000002,506,2023-2024,CUTLAJOMULCO,5042000002,1
212 PE con matrícula por entidad -507 - 2023-2024 - CUTLAJOMULCO - 5042100092,507,2023-2024,CUTLAJOMULCO,5042100092,1
212 PE con matrícula por entidad -508 - 2023-2024 - CUTLAJOMULCO - 5051200024,508,2023-2024,CUTLAJOMULCO,5051200024,1
212 PE con matrícula por entidad -509 - 2023-2024 - CUTLAJOMULCO - 5071000020,509,2023-2024,CUTLAJOMULCO,5071000020,1
212 PE con matrícula por entidad -510 - 2023-2024 - CUTLAJOMULCO - 5071100005,510,2023-2024,CUTLAJOMULCO,5071100005,1
212 PE con matrícula por entidad -511 - 2023-2024 - CUTLAJOMULCO - 5071300014,511,2023-2024,CUTLAJOMULCO,5071300014,1
212 PE con matrícula por entidad -512 - 2023-2024 - CUTLAJOMULCO - 5071300147,512,2023-2024,CUTLAJOMULCO,5071300147,1
212 PE con matrícula por entidad -513 - 2023-2024 - CUTLAJOMULCO - 5073200005,513,2023-2024,CUTLAJOMULCO,5073200005,1
212 PE con matrícula por entidad -514 - 2023-2024 - CUTLAJOMULCO - 5091100011,514,2023-2024,CUTLAJOMULCO,5091100011,1
212 PE con matrícula por entidad -515 - 2023-2024 - CUTLAJOMULCO - 5092100006,515,2023-2024,CUTLAJOMULCO,5092100006,1
212 PE con matrícula por entidad -516 - 2023-2024 - CUTLAJOMULCO - 5094100009,516,2023-2024,CUTLAJOMULCO,5094100009,1
212 PE con matrícula por entidad -517 - 2023-2024 - CUTLAJOMULCO - 5094200006,517,2023-2024,CUTLAJOMULCO,5094200006,1
212 PE con matrícula por entidad -518 - 2023-2024 - SUV - 5011200004,518,2023-2024,SUV,5011200004,1
212 PE con matrícula por entidad -519 - 2023-2024 - SUV - 5021000007,519,2023-2024,SUV,5021000007,1
212 PE con matrícula por entidad -520 - 2023-2024 - SUV - 5032100001,520,2023-2024,SUV,5032100001,1
212 PE con matrícula por entidad -521 - 2023-2024 - SUV - 5032200012,521,2023-2024,SUV,5032200012,1
212 PE con matrícula por entidad -522 - 2023-2024 - SUV - 5041200075,522,2023-2024,SUV,5041200075,1
212 PE con matrícula por entidad -523 - 2023-2024 - SUV - 5042100065,523,2023-2024,SUV,5042100065,1
212 PE con matrícula por entidad -524 - 2023-2024 - SUV - 5061000015,524,2023-2024,SUV,5061000015,1
212 PE con matrícula por entidad -525 - 2023-2024 - SUV - 5062200105,525,2023-2024,SUV,5062200105,1
212 PE con matrícula por entidad -526 - 2023-2024 - SUV - 5104100015,526,2023-2024,SUV,5104100015,1
212 PE con matrícula por entidad -527 - 2023-2024 - SUV - 7011400029,527,2023-2024,SUV,7011400029,1
212 PE con matrícula por entidad -528 - 2023-2024 - SUV - 7012400001,528,2023-2024,SUV,7012400001,1
212 PE con matrícula por entidad -529 - 2023-2024 - SUV - 7021000014,529,2023-2024,SUV,7021000014,1
212 PE con matrícula por entidad -530 - 2023-2024 - SUV - 7031300041,530,2023-2024,SUV,7031300041,1
212 PE con matrícula por entidad -531 - 2023-2024 - SUV - 7032100037,531,2023-2024,SUV,7032100037,1
212 PE con matrícula por entidad -532 - 2023-2024 - SUV - 7041100029,532,2023-2024,SUV,7041100029,1
212 PE con matrícula por entidad -533 - 2023-2024 - SUV - 7042100311,533,2023-2024,SUV,7042100311,1
212 PE con matrícula por entidad -534 - 2023-2024 - SUV - 7042300040,534,2023-2024,SUV,7042300040,1
212 PE con matrícula por entidad -535 - 2023-2024 - SUV - 8011400005,535,2023-2024,SUV,8011400005,1
212 PE con matrícula por entidad -536 - 2023-2024 - SUV - 8021000011,536,2023-2024,SUV,8021000011,1
212 PE con matrícula por entidad -537 - 2023-2024 - SUV - BGAI,537,2023-2024,SUV,BGAI,1
212 PE con matrícula por entidad -538 - 2023-2024 - SEMS - 2051200001,538,2023-2024,SEMS,2051200001,1
212 PE con matrícula por entidad -539 - 2023-2024 - SEMS - 2062100003,539,2023-2024,SEMS,2062100003,1
212 PE con matrícula por entidad -540 - 2023-2024 - SEMS - 2062200007,540,2023-2024,SEMS,2062200007,1
212 PE con matrícula por entidad -541 - 2023-2024 - SEMS - 2062200013,541,2023-2024,SEMS,2062200013,1
212 PE con matrícula por entidad -542 - 2023-2024 - SEMS - 2071100002,542,2023-2024,SEMS,2071100002,1
212 PE con matrícula por entidad -543 - 2023-2024 - SEMS - 2071200002,543,2023-2024,SEMS,2071200002,1
212 PE con matrícula por entidad -544 - 2023-2024 - SEMS - 2071200011,544,2023-2024,SEMS,2071200011,1
212 PE con matrícula por entidad -545 - 2023-2024 - SEMS - 2071400001,545,2023-2024,SEMS,2071400001,1
212 PE con matrícula por entidad -546 - 2023-2024 - SEMS - 2071400003,546,2023-2024,SEMS,2071400003,1
212 PE con matrícula por entidad -547 - 2023-2024 - SEMS - 2072000001,547,2023-2024,SEMS,2072000001,1
212 PE con matrícula por entidad -548 - 2023-2024 - SEMS - 2072100002,548,2023-2024,SEMS,2072100002,1
212 PE con matrícula por entidad -549 - 2023-2024 - SEMS - 2072300001,549,2023-2024,SEMS,2072300001,1
212 PE con matrícula por entidad -550 - 2023-2024 - SEMS - 2072400003,550,2023-2024,SEMS,2072400003,1
212 PE con matrícula por entidad -551 - 2023-2024 - SEMS - 2092100004,551,2023-2024,SEMS,2092100004,1
212 PE con matrícula por entidad -552 - 2023-2024 - SEMS - 3021600010,552,2023-2024,SEMS,3021600010,1
212 PE con matrícula por entidad -553 - 2023-2024 - SEMS - 3021700001,553,2023-2024,SEMS,3021700001,1
212 PE con matrícula por entidad -554 - 2023-2024 - SEMS - 3041100005,554,2023-2024,SEMS,3041100005,1
212 PE con matrícula por entidad -555 - 2023-2024 - SEMS - 3042000001,555,2023-2024,SEMS,3042000001,1
212 PE con matrícula por entidad -556 - 2023-2024 - SEMS - 3042100001,556,2023-2024,SEMS,3042100001,1
212 PE con matrícula por entidad -557 - 2023-2024 - SEMS - 3042100026,557,2023-2024,SEMS,3042100026,1
212 PE con matrícula por entidad -558 - 2023-2024 - SEMS - 3061300004,558,2023-2024,SEMS,3061300004,1
212 PE con matrícula por entidad -559 - 2023-2024 - SEMS - 3071700002,559,2023-2024,SEMS,3071700002,1
212 PE con matrícula por entidad -560 - 2023-2024 - SEMS - 3073200001,560,2023-2024,SEMS,3073200001,1
212 PE con matrícula por entidad -561 - 2023-2024 - SEMS - 3081100003,561,2023-2024,SEMS,3081100003,1
212 PE con matrícula por entidad -562 - 2023-2024 - SEMS - 3081100024,562,2023-2024,SEMS,3081100024,1
212 PE con matrícula por entidad -563 - 2023-2024 - SEMS - 3093100005,563,2023-2024,SEMS,3093100005,1
212 PE con matrícula por entidad -564 - 2023-2024 - SEMS - 3095300007,564,2023-2024,SEMS,3095300007,1
212 PE con matrícula por entidad -565 - 2023-2024 - SEMS - 3101600003,565,2023-2024,SEMS,3101600003,1
212 PE con matrícula por entidad -566 - 2023-2024 - SEMS - BGAI,566,2023-2024,SEMS,BGAI,1
212 PE con matrícula por entidad -567 - 2023-2024 - SEMS - BGC,567,2023-2024,SEMS,BGC,1
